{"cameraMode":{"drawMode":0,"name":"Shaded","section":"Shading Mode"},"sceneLighting":false,"audioPlay":false,"sceneViewState":{"m_AlwaysRefresh":false,"showFog":false,"showSkybox":false,"showFlares":false,"showImageEffects":false,"showParticleSystems":false,"showVisualEffectGraphs":true,"m_FxEnabled":true},"in2DMode":false,"pivot":{"x":-0.000024139881134033203,"y":0.8191194534301758,"z":0.0032311677932739259},"rotation":{"x":-0.06407838314771652,"y":0.8714050054550171,"z":-0.11835943162441254,"w":-0.4717654287815094},"size":1.3492966890335084,"orthographic":false}