{"cameraMode":{"drawMode":0,"name":"Shaded","section":"Shading Mode"},"sceneLighting":true,"audioPlay":false,"sceneViewState":{"m_AlwaysRefresh":false,"showFog":true,"showSkybox":true,"showFlares":true,"showImageEffects":true,"showParticleSystems":true,"showVisualEffectGraphs":true,"m_FxEnabled":true},"in2DMode":false,"pivot":{"x":-283.28399658203127,"y":70.11425018310547,"z":3.9276723861694338},"rotation":{"x":-0.00659003434702754,"y":-0.9818870425224304,"z":0.18629254400730134,"w":-0.03476055711507797},"size":6.279134273529053,"orthographic":false}